accessory,counts
Earring,2459
Cigarette,961
Hot Lipstick,696
Purple Lipstick,655
Mole,644
Black Lipstick,617
Nerd Glasses,572
Horned Rim Glasses,535
Big Shades,535
Regular Shades,527
Shadow Beard,526
Classic Shades,502
Bandana,481
Stringy Hair,463
Eye Patch,461
Messy Hair,460
Wild Hair,447
Frumpy Hair,442
Mohawk Thin,441
Mohawk,441
Mohawk Dark,429
Knitted Cap,419
Crazy Hair,414
Headband,406
Clown Eyes Blue,384
Clown Eyes Green,382
Small Shades,378
Cap,351
VR,332
Pipe,317
Muttonchops,303
Peak Spike,303
Do-rag,300
Shaved Head,300
Goat,295
Eye Mask,293
Normal Beard,292
Normal Beard Black,289
Mustache,288
Luxurious Beard,286
3D Glasses,286
Chinstrap,282
Front Beard,273
Vape,272
Green Eye Shadow,271
Blue Eye Shadow,266
Handlebars,263
Purple Eye Shadow,262
Frown,261
Front Beard Dark,260
Hoodie,259
Cap Forward,254
Smile,238
Clown Nose,212
Police Cap,203
Fedora,186
Tassle Hat,178
Medical Mask,175
Gold Chain,169
Purple Hair,165
Dark Hair,157
Silver Chain,156
Straight Hair,151
Straight Hair Dark,148
Clown Hair Green,148
Red Mohawk,147
Half Shaved,147
Blonde Bob,147
Vampire Hair,147
Big Beard,146
Straight Hair Blonde,144
Wild Blonde,144
Cowboy Hat,142
Wild White Hair,136
Blonde Short,129
Rosy Cheeks,128
Spots,124
Top Hat,115
Pink With Hat,95
Pigtails,94
Welding Goggles,86
Buck Teeth,78
Orange Side,68
Tiara,55
Pilot Helmet,54
Choker,48
Beanie,44
